0;;;;;
0;;;;;
0;;;;;
0;;;;;
0;;;;;
0;;;;;
0;;;;;
0;;;;;
0;;;;;
0;;;;;
0;;;;;
0;;;;;
0;;;;;
0;;;;;
0;;;;;
0;;;;;
0;;;;;
0;;;;;
0;;;;;
0;;;;;
0;;;;;
0;;;;;
0;;;;;
0;;;;;
0;;;;;
0;;;;;
0;;;;;
0;;;;;
0;;;;;
0;;;;;
0;;;;;
0;;;;;
0;;;;;
0;;;;;
0;;;;;
0;;;;;
0;;;;;
0;;;;;
0;;;;;
0;;;;;
0;;;;;
0;;;;;
0;;;;;
0;;;;;
0;;;;;
0;;;;;
0;;;;;
0;;;;;
0;;;;;
0;;;;;
0;;;;;
0;;;;;
0;;;;;
0;;;;;
0;;;;;
0;;;;;
0;;;;;
0;;;;;
0;;;;;
0;;;;;
0;;;;;
0;;;;;
0;;;;;
0;;;;;
0;;;;;
0;;;;;
0;;;;;
0;;;;;
0;;;;;
0;;;;;
0;;;;;
0;;;;;
0;;;;;
0;;;;;
0;;;;;
0;;;;;
0;;;;;
0;;;;;
0;;;;;
0;;;;;
3868193055;217,3;-1;3002;41,3;
3868193068;215,9;-1;3001;41,4;
3868193080;215,9;-1;2994;41,4;
3868193272;216,6;-1;0;41,3;
3868193284;216,6;-1;0;41,4;
3868193297;217,3;-1;0;41,4;
3868193309;216,6;-1;0;41,4;
3868193321;216,6;-1;0;41,4;
3868193333;217,3;-1;0;41,4;
3868193346;216,6;-1;0;41,4;
3868193432;216,6;-1;3002;41,4;
3868193671;216,6;-1;0;41,4;
3868193683;215,9;-1;0;41,4;
3868193696;217,3;-1;0;41,4;
3868193822;216,6;-1;0;41,4;
3868193834;216,6;-1;0;41,4;
3868193846;216,6;-1;0;41,4;
3868193858;216,6;-1;0;41,4;
3868193871;215,9;-1;0;41,4;
3868193883;215,9;-1;0;41,4;
3868193895;215,9;-1;0;41,4;
3868193966;215,9;-1;3013;41,4;
3868193978;214,5;-1;3009;41,6;
3868193991;214,5;-1;3001;41,6;
3868196440;215,9;-1;2997;41,9;
3868196452;214,5;-1;2998;41,9;
3868196464;214,5;-1;3001;41,9;
3868196515;215,9;-1;0;41,9;
3868196527;215,2;-1;0;41,9;
3868196539;215,9;-1;0;41,9;
3868196551;215,2;-1;0;41,9;
3868196564;215,9;-1;0;41,9;
3868196576;215,9;-1;0;41,9;
3868196588;215,2;-1;0;41,9;
3868196615;215,2;-1;0;41,9;
3868196627;215,2;-1;0;41,9;
3868196640;215,9;-1;0;41,9;
215,9;;;;;
215,9;;;;;
215,9;;;;;
215,2;;;;;
215,2;;;;;
215,2;;;;;
215,2;;;;;
215,9;;;;;
215,9;;;;;
215,9;;;;;
215,2;;;;;
215,2;;;;;
215,2;;;;;
215,2;;;;;
215,2;;;;;
215,2;;;;;
215,2;;;;;
215,2;;;;;
215,2;;;;;
215,2;;;;;
215,2;;;;;
215,9;;;;;
215,9;;;;;
215,9;;;;;
215,9;;;;;
215,9;;;;;
215,9;;;;;
215,9;;;;;
215,9;;;;;
215,9;;;;;
215,9;;;;;
215,9;;;;;
215,9;;;;;
215,9;;;;;
215,9;;;;;
215,9;;;;;
215,9;;;;;
215,9;;;;;
215,9;;;;;
215,2;;;;;
215,2;;;;;
215,2;;;;;
215,2;;;;;
215,2;;;;;
215,2;;;;;
215,2;;;;;
215,2;;;;;
215,2;;;;;
215,2;;;;;
215,2;;;;;
215,2;;;;;
215,2;;;;;
215,2;;;;;
215,2;;;;;
215,2;;;;;
215,2;;;;;
215,2;;;;;
215,2;;;;;
215,2;;;;;
215,2;;;;;
215,2;;;;;
215,2;;;;;
215,2;;;;;
215,2;;;;;
215,9;;;;;
215,9;;;;;
215,9;;;;;
215,2;;;;;
215,2;;;;;
215,2;;;;;
215,2;;;;;
215,2;;;;;
215,2;;;;;
215,2;;;;;
215,9;;;;;
215,9;;;;;
215,2;;;;;
215,2;;;;;
215,2;;;;;
215,2;;;;;
215,9;;;;;
215,9;;;;;
215,9;;;;;
215,2;;;;;
215,2;;;;;
215,2;;;;;
215,2;;;;;
215,2;;;;;
215,2;;;;;
215,2;;;;;
215,2;;;;;
215,2;;;;;
215,2;;;;;
215,2;;;;;
215,2;;;;;
215,2;;;;;
215,2;;;;;
215,2;;;;;
215,2;;;;;
215,2;;;;;
215,2;;;;;
215,2;;;;;
215,2;;;;;
215,2;;;;;
215,2;;;;;
215,2;;;;;
215,2;;;;;
215,2;;;;;
215,2;;;;;
215,2;;;;;
215,2;;;;;
215,2;;;;;
215,2;;;;;
215,2;;;;;
215,2;;;;;
215,2;;;;;
215,2;;;;;
215,2;;;;;
215,2;;;;;
215,2;;;;;
215,2;;;;;
215,2;;;;;
215,2;;;;;
215,2;;;;;
215,2;;;;;
215,2;;;;;
215,2;;;;;
215,2;;;;;
215,2;;;;;
215,2;;;;;
215,2;;;;;
215,2;;;;;
215,2;;;;;
215,2;;;;;
215,2;;;;;
215,2;;;;;
215,2;;;;;
215,2;;;;;
215,2;;;;;
215,2;;;;;
215,2;;;;;
215,2;;;;;
215,9;;;;;
215,9;;;;;
215,9;;;;;
215,2;;;;;
215,2;;;;;
215,2;;;;;
215,2;;;;;
215,2;;;;;
215,2;;;;;
215,2;;;;;
215,2;;;;;
215,2;;;;;
215,2;;;;;
215,2;;;;;
215,2;;;;;
215,2;;;;;
215,2;;;;;
215,2;;;;;
215,2;;;;;
215,2;;;;;
215,2;;;;;
215,2;;;;;
215,2;;;;;
215,2;;;;;
215,2;;;;;
215,2;;;;;
215,2;;;;;
215,2;;;;;
215,2;;;;;
215,2;;;;;
215,2;;;;;
215,2;;;;;
215,2;;;;;
215,2;;;;;
215,2;;;;;
215,2;;;;;
215,2;;;;;
215,2;;;;;
215,2;;;;;
215,2;;;;;
215,2;;;;;
215,2;;;;;
215,2;;;;;
215,2;;;;;
215,2;;;;;
215,2;;;;;
215,2;;;;;
215,2;;;;;
215,2;;;;;
215,2;;;;;
215,2;;;;;
215,2;;;;;
215,2;;;;;
215,2;;;;;
215,2;;;;;
215,2;;;;;
215,2;;;;;
215,2;;;;;
215,2;;;;;
215,2;;;;;
215,2;;;;;
215,2;;;;;
215,2;;;;;
215,2;;;;;
215,2;;;;;
215,2;;;;;
215,2;;;;;
215,2;;;;;
215,2;;;;;
215,2;;;;;
215,2;;;;;
215,2;;;;;
215,2;;;;;
215,2;;;;;
215,2;;;;;
215,2;;;;;
215,2;;;;;
215,2;;;;;
215,2;;;;;
215,2;;;;;
215,2;;;;;
215,2;;;;;
215,2;;;;;
215,2;;;;;
215,2;;;;;
215,2;;;;;
215,2;;;;;
215,2;;;;;
215,2;;;;;
215,2;;;;;
215,2;;;;;
215,2;;;;;
215,2;;;;;
215,2;;;;;
215,2;;;;;
215,2;;;;;
215,2;;;;;
215,2;;;;;
215,2;;;;;
215,2;;;;;
215,2;;;;;
215,2;;;;;
215,2;;;;;
215,2;;;;;
215,2;;;;;
215,2;;;;;
215,2;;;;;
215,2;;;;;
215,2;;;;;
215,2;;;;;
215,2;;;;;
215,2;;;;;
215,2;;;;;
215,2;;;;;
215,2;;;;;
215,2;;;;;
215,2;;;;;
215,2;;;;;
215,2;;;;;
215,2;;;;;
215,2;;;;;
215,2;;;;;
215,2;;;;;
215,2;;;;;
215,2;;;;;
215,2;;;;;
215,2;;;;;
215,2;;;;;
215,2;;;;;
215,2;;;;;
215,2;;;;;
215,2;;;;;
215,2;;;;;
215,2;;;;;
215,2;;;;;
215,2;;;;;
215,2;;;;;
215,2;;;;;
215,2;;;;;
215,2;;;;;
215,2;;;;;
215,2;;;;;
215,2;;;;;
215,2;;;;;
215,2;;;;;
215,2;;;;;
215,2;;;;;
215,2;;;;;
215,2;;;;;
215,2;;;;;
215,2;;;;;
215,2;;;;;
215,2;;;;;
215,2;;;;;
215,2;;;;;
215,2;;;;;
215,2;;;;;
215,2;;;;;
215,2;;;;;
215,2;;;;;
215,2;;;;;
215,2;;;;;
215,2;;;;;
215,2;;;;;
215,2;;;;;
215,2;;;;;
215,2;;;;;
215,2;;;;;
215,2;;;;;
215,2;;;;;
215,2;;;;;
215,2;;;;;
215,2;;;;;
215,2;;;;;
215,2;;;;;
215,9;;;;;
215,9;;;;;
215,9;;;;;
215,9;;;;;
215,9;;;;;
215,9;;;;;
215,9;;;;;
215,9;;;;;
215,2;;;;;
215,2;;;;;
215,2;;;;;
215,2;;;;;
215,2;;;;;
215,2;;;;;
215,2;;;;;
215,2;;;;;
215,2;;;;;
215,2;;;;;
215,2;;;;;
215,2;;;;;
215,2;;;;;
215,2;;;;;
215,2;;;;;
215,2;;;;;
215,2;;;;;
215,2;;;;;
215,2;;;;;
215,2;;;;;
215,2;;;;;
215,2;;;;;
215,2;;;;;
215,2;;;;;
215,9;;;;;
215,9;;;;;
215,9;;;;;
215,2;;;;;
215,2;;;;;
215,2;;;;;
215,2;;;;;
215,2;;;;;
215,2;;;;;
215,2;;;;;
215,2;;;;;
215,2;;;;;
215,2;;;;;
215,2;;;;;
215,2;;;;;
215,2;;;;;
215,2;;;;;
215,2;;;;;
215,2;;;;;
215,2;;;;;
215,2;;;;;
215,2;;;;;
215,2;;;;;
215,2;;;;;
215,2;;;;;
215,2;;;;;
215,2;;;;;
215,2;;;;;
215,2;;;;;
215,2;;;;;
215,2;;;;;
215,2;;;;;
215,2;;;;;
215,2;;;;;
215,2;;;;;
215,2;;;;;
215,2;;;;;
215,2;;;;;
215,2;;;;;
215,2;;;;;
215,2;;;;;
215,2;;;;;
215,2;;;;;
215,2;;;;;
215,2;;;;;
215,2;;;;;
215,2;;;;;
215,2;;;;;
215,2;;;;;
215,2;;;;;
215,2;;;;;
215,2;;;;;
215,2;;;;;
215,2;;;;;
215,2;;;;;
215,2;;;;;
215,2;;;;;
215,2;;;;;
215,2;;;;;
215,2;;;;;
215,2;;;;;
215,2;;;;;
215,2;;;;;
215,2;;;;;
215,2;;;;;
215,2;;;;;
215,2;;;;;
215,2;;;;;
215,2;;;;;
215,2;;;;;
215,2;;;;;
215,2;;;;;
215,2;;;;;
215,2;;;;;
215,2;;;;;
215,2;;;;;
215,2;;;;;
215,2;;;;;
215,2;;;;;
215,2;;;;;
215,9;;;;;
215,9;;;;;
215,9;;;;;
215,9;;;;;
215,9;;;;;
215,9;;;;;
215,9;;;;;
215,9;;;;;
215,9;;;;;
215,9;;;;;
215,9;;;;;
215,9;;;;;
215,9;;;;;
215,9;;;;;
215,9;;;;;
215,9;;;;;
215,9;;;;;
215,9;;;;;
215,9;;;;;
215,9;;;;;
215,9;;;;;
215,9;;;;;
215,9;;;;;
215,9;;;;;
216,6;;;;;
216,6;;;;;
216,6;;;;;
216,6;;;;;
216,6;;;;;
216,6;;;;;
216,6;;;;;
216,6;;;;;
216,6;;;;;
216,6;;;;;
216,6;;;;;
216,6;;;;;
216,6;;;;;
216,6;;;;;
216,6;;;;;
216,6;;;;;
216,6;;;;;
215,9;;;;;
215,9;;;;;
215,9;;;;;
215,9;;;;;
215,9;;;;;
215,9;;;;;
215,9;;;;;
215,9;;;;;
215,9;;;;;
215,9;;;;;
215,9;;;;;
215,9;;;;;
215,9;;;;;
215,9;;;;;
215,9;;;;;
215,9;;;;;
215,9;;;;;
215,9;;;;;
215,9;;;;;
215,9;;;;;
215,9;;;;;
215,9;;;;;
215,9;;;;;
215,9;;;;;
215,9;;;;;
215,9;;;;;
215,9;;;;;
215,9;;;;;
215,9;;;;;
215,9;;;;;
215,9;;;;;
215,9;;;;;
215,9;;;;;
215,9;;;;;
215,9;;;;;
215,9;;;;;
215,9;;;;;
215,9;;;;;
215,9;;;;;
215,9;;;;;
215,9;;;;;
215,9;;;;;
215,9;;;;;
215,9;;;;;
215,9;;;;;
215,9;;;;;
215,9;;;;;
215,9;;;;;
215,9;;;;;
215,9;;;;;
215,9;;;;;
215,9;;;;;
215,9;;;;;
215,9;;;;;
215,9;;;;;
215,9;;;;;
215,9;;;;;
215,9;;;;;
215,9;;;;;
215,9;;;;;
215,9;;;;;
215,9;;;;;
215,9;;;;;
215,9;;;;;
215,9;;;;;
215,9;;;;;
215,9;;;;;
215,9;;;;;
215,9;;;;;
215,9;;;;;
215,9;;;;;
215,9;;;;;
215,9;;;;;
215,9;;;;;
215,9;;;;;
215,9;;;;;
215,9;;;;;
215,9;;;;;
215,9;;;;;
215,9;;;;;
215,9;;;;;
215,9;;;;;
215,9;;;;;
215,9;;;;;
215,9;;;;;
215,9;;;;;
215,9;;;;;
215,9;;;;;
215,9;;;;;
215,9;;;;;
215,9;;;;;
215,9;;;;;
215,9;;;;;
215,9;;;;;
215,9;;;;;
215,9;;;;;
215,9;;;;;
215,9;;;;;
215,9;;;;;
215,9;;;;;
215,9;;;;;
215,2;;;;;
215,2;;;;;
215,2;;;;;
215,2;;;;;
215,2;;;;;
215,2;;;;;
215,2;;;;;
215,2;;;;;
215,2;;;;;
215,2;;;;;
215,2;;;;;
215,2;;;;;
215,2;;;;;
215,2;;;;;
215,2;;;;;
215,2;;;;;
215,2;;;;;
215,2;;;;;
215,2;;;;;
215,2;;;;;
215,2;;;;;
215,2;;;;;
215,2;;;;;
215,2;;;;;
215,2;;;;;
215,2;;;;;
215,2;;;;;
215,2;;;;;
215,2;;;;;
215,2;;;;;
215,2;;;;;
215,2;;;;;
215,2;;;;;
215,2;;;;;
215,2;;;;;
215,2;;;;;
215,2;;;;;
215,2;;;;;
215,2;;;;;
215,2;;;;;
215,2;;;;;
215,2;3868196971;;;;
215,2;3868196971;;;;
215,2;3868196971;;;;
215,2;3868196971;;;;
215,2;3868196971;;;;
215,2;3868196971;;;;
215,2;3868196971;;;;
215,2;3868196971;;;;
215,2;3868196971;;;;
215,2;3868196971;;;;
215,2;3868196971;;;;
215,2;3868196971;;;;
215,2;3868196971;;;;
215,2;3868196971;;;;
215,2;3868196971;;;;
215,2;3868196971;;;;
215,2;3868196972;;;;
215,2;3868196972;;;;
215,2;3868196972;;;;
215,2;3868196972;;;;
215,2;3868196972;;;;
215,9;3868196972;;;;
215,9;3868196972;;;;
215,9;3868196972;;;;
215,2;3868196972;;;;
215,2;3868196972;;;;
215,2;3868196972;;;;
215,2;3868196972;;;;
215,2;3868196972;;;;
215,2;3868196972;;;;
215,2;3868196972;;;;
215,2;3868196972;;;;
215,2;3868196972;;;;
215,2;3868196973;;;;
215,2;3868196973;;;;
215,2;3868196973;;;;
215,2;3868196973;;;;
215,2;3868196973;;;;
215,2;3868196973;;;;
215,2;3868196973;;;;
215,2;3868196973;;;;
215,2;3868196973;;;;
215,2;3868196973;;;;
215,2;3868196973;;;;
215,2;3868196973;;;;
215,2;3868196973;;;;
215,2;3868196973;;;;
215,2;3868196973;;;;
215,2;3868196973;;;;
215,2;3868196973;;;;
215,2;3868196973;;;;
215,2;3868196974;;;;
215,2;3868196974;;;;
215,2;3868196974;;;;
215,2;3868196974;;;;
215,2;3868196974;;;;
215,2;3868196974;;;;
215,2;3868196974;;;;
215,2;3868196974;;;;
215,2;3868196974;;;;
215,2;3868196974;;;;
215,2;3868196974;;;;
215,2;3868196974;;;;
215,2;3868196974;;;;
215,2;3868196974;;;;
215,2;3868196974;;;;
215,2;3868196974;;;;
215,2;3868196974;;;;
215,2;3868196975;;;;
215,2;3868196975;;;;
215,2;3868196975;;;;
215,2;3868196975;;;;
215,2;3868196975;;;;
215,2;3868196975;;;;
215,2;3868196975;;;;
215,2;3868196975;;;;
215,2;3868196975;;;;
215,2;3868196975;;;;
215,2;3868196975;;;;
215,2;3868196975;;;;
215,2;3868196975;;;;
215,2;3868196975;;;;
215,2;3868196975;;;;
215,2;3868196975;;;;
215,2;3868196975;;;;
215,2;3868196975;;;;
215,2;3868196976;;;;
215,2;3868196976;;;;
215,2;3868196976;;;;
215,2;3868196976;;;;
215,2;3868196976;;;;
215,2;3868196976;;;;
215,2;3868196976;;;;
215,2;3868196976;;;;
215,2;3868196976;;;;
215,2;3868196976;;;;
215,2;3868196976;;;;
215,2;3868196976;;;;
215,2;3868196976;;;;
215,2;3868196976;;;;
215,2;3868196976;;;;
215,2;3868196976;;;;
215,2;3868196976;;;;
215,2;3868196976;;;;
215,2;3868196977;;;;
215,2;3868196977;;;;
215,2;3868196977;;;;
215,2;3868196977;;;;
215,2;3868196977;;;;
215,2;3868196977;;;;
215,2;3868196977;;;;
215,2;3868196977;;;;
215,2;3868196977;;;;
215,2;3868196977;;;;
215,2;3868196977;;;;
215,2;3868196977;;;;
215,2;3868196977;;;;
215,2;3868196977;;;;
215,2;3868196977;;;;
215,2;3868196977;;;;
215,2;3868196977;;;;
215,2;3868196977;;;;
215,2;3868196977;;;;
215,2;3868196978;;;;
215,2;3868196978;;;;
215,2;3868196978;;;;
215,2;3868196978;;;;
215,2;3868196978;;;;
215,2;3868196978;;;;
215,2;3868196978;;;;
215,2;3868196978;;;;
215,2;3868196978;;;;
215,2;3868196978;;;;
215,2;3868196978;;;;
215,2;3868196978;;;;
215,2;3868196978;;;;
215,2;3868196978;;;;
215,2;3868196978;;;;
215,2;3868196978;;;;
215,2;3868196978;;;;
215,2;3868196978;;;;
215,2;3868196978;;;;
215,2;3868196979;;;;
215,2;3868196979;;;;
215,2;3868196979;;;;
215,2;3868196979;;;;
215,2;3868196979;;;;
215,2;3868196979;;;;
215,2;3868196979;;;;
215,2;3868196979;;;;
215,2;3868196979;;;;
215,2;3868196979;;;;
215,2;3868196979;;;;
215,2;3868196979;;;;
215,2;3868196979;;;;
215,2;3868196979;;;;
215,2;3868196979;;;;
215,2;3868196979;;;;
215,2;3868196979;;;;
215,2;3868196980;;;;
215,2;3868196980;;;;
215,2;3868196980;;;;
215,2;3868196980;;;;
215,2;3868196980;;;;
215,2;3868196980;;;;
215,2;3868196980;;;;
215,2;3868196980;;;;
215,2;3868196980;;;;
215,2;3868196980;;;;
215,2;3868196980;;;;
215,2;3868196980;;;;
215,2;3868196980;;;;
215,2;3868196980;;;;
215,2;3868196980;;;;
215,2;3868196980;;;;
215,2;3868196980;;;;
215,2;3868196981;;;;
215,2;3868196981;;;;
215,2;3868196981;;;;
215,2;3868196981;;;;
215,2;3868196981;;;;
215,2;3868196981;;;;
215,2;3868196981;;;;
215,2;3868196981;;;;
215,2;3868196981;;;;
215,2;3868196981;;;;
215,2;3868196981;;;;
215,2;3868196981;;;;
215,2;3868196981;;;;
215,2;3868196981;;;;
215,2;3868196981;;;;
215,2;3868196981;;;;
215,2;3868196982;;;;
215,2;3868196982;;;;
215,2;3868196982;;;;
215,2;3868196982;;;;
215,2;3868196982;;;;
215,2;3868196982;;;;
215,2;3868196982;;;;
215,2;3868196982;;;;
215,2;3868196982;;;;
215,2;3868196982;;;;
215,2;3868196982;;;;
215,2;3868196982;;;;
215,2;3868196982;;;;
215,2;3868196982;;;;
215,2;3868196982;;;;
215,2;3868196982;;;;
215,9;3868196982;;;;
215,9;3868196983;;;;
215,9;3868196983;;;;
215,9;3868196983;;;;
215,9;3868196983;;;;
215,9;3868196983;;;;
215,9;3868196983;;;;
215,9;3868196983;;;;
215,9;3868196983;;;;
215,9;3868196983;;;;
215,9;3868196983;;;;
215,9;3868196983;;;;
215,9;3868196983;;;;
215,9;3868196983;;;;
215,9;3868196983;;;;
215,9;3868196983;;;;
215,9;3868196983;;;;
215,9;3868196983;;;;
215,9;3868196983;;;;
215,9;3868196984;;;;
215,9;3868196984;;;;
216,6;3868196984;;;;
216,6;3868196984;;;;
216,6;3868196984;;;;
215,9;3868196984;;;;
215,9;3868196984;;;;
215,9;3868196984;;;;
215,9;3868196984;;;;
215,9;3868196984;;;;
215,9;3868196984;;;;
215,9;3868196984;;;;
215,9;3868196984;;;;
215,9;3868196984;;;;
215,9;3868196984;;;;
215,9;3868196985;;;;
215,9;3868196985;;;;
215,9;3868196985;;;;
215,9;3868196985;;;;
215,9;3868196985;;;;
215,9;3868196985;;;;
215,2;3868196985;;;;
215,2;3868196985;;;;
215,2;3868196985;;;;
215,9;3868196985;;;;
215,9;3868196985;;;;
215,9;3868196985;;;;
215,9;3868196985;;;;
215,9;3868196985;;;;
215,9;3868196985;;;;
215,9;3868196985;;;;
215,9;3868196985;;;;
215,9;3868196986;;;;
215,9;3868196986;;;;
215,9;3868196986;;;;
215,9;3868196986;;;;
215,9;3868196986;;;;
215,9;3868196986;;;;
215,9;3868196986;;;;
215,9;3868196986;;;;
215,9;3868196986;;;;
215,9;3868196986;;;;
215,9;3868196986;;;;
215,9;3868196986;;;;
215,9;3868196986;;;;
215,9;3868196986;;;;
215,9;3868196986;;;;
215,9;3868196986;;;;
215,9;3868196986;;;;
215,9;3868196986;;;;
215,2;3868196987;;;;
215,2;3868196987;;;;
215,2;3868196987;;;;
215,2;3868196987;;;;
215,9;3868196987;;;;
215,9;3868196987;;;;
215,9;3868196987;;;;
215,9;3868196987;;;;
215,9;3868196987;;;;
215,9;3868196987;;;;
215,9;3868196987;;;;
215,9;3868196987;;;;
215,9;3868196987;;;;
215,9;3868196987;;;;
215,2;3868196987;;;;
215,2;3868196987;;;;
215,2;3868196987;;;;
215,2;3868196987;;;;
215,2;3868196988;;;;
215,2;3868196988;;;;
215,2;3868196988;;;;
215,2;3868196988;;;;
215,2;3868196988;;;;
215,2;3868196988;;;;
215,2;3868196988;;;;
215,2;3868196988;;;;
215,2;3868196988;;;;
215,2;3868196988;;;;
215,2;3868196988;;;;
215,2;3868196988;;;;
215,2;3868196988;;;;
215,2;3868196988;;;;
215,2;3868196988;;;;
215,2;3868196988;;;;
215,2;3868196988;;;;
215,2;3868196989;;;;
215,2;3868196989;;;;
215,2;3868196989;;;;
215,2;3868196989;;;;
215,2;3868196989;;;;
215,2;3868196989;;;;
215,2;3868196989;;;;
215,2;3868196989;;;;
215,2;3868196989;;;;
215,2;3868196989;;;;
215,2;3868196989;;;;
215,2;3868196989;;;;
215,2;3868196989;;;;
215,2;3868196989;;;;
215,2;3868196989;;;;
215,2;3868196989;;;;
215,2;3868196989;;;;
215,2;3868196990;;;;
215,2;3868196990;;;;
215,2;3868196990;;;;
215,2;3868196990;;;;
215,2;3868196990;;;;
215,2;3868196990;;;;
215,2;3868196990;;;;
215,2;3868196990;;;;
215,2;3868196990;;;;
215,2;3868196990;;;;
215,2;3868196990;;;;
215,2;3868196990;;;;
215,2;3868196990;;;;
215,2;3868196990;;;;
215,2;3868196990;;;;
215,2;3868196990;;;;
215,2;3868196991;;;;
215,2;3868196991;;;;
215,2;3868196991;;;;
215,2;3868196991;;;;
215,2;3868196991;;;;
215,2;3868196991;;;;
215,2;3868196991;;;;
215,2;3868196991;;;;
215,2;3868196991;;;;
215,2;3868196991;;;;
215,2;3868196991;;;;
215,2;3868196991;;;;
215,2;3868196991;;;;
215,2;3868196991;;;;
215,2;3868196991;;;;
215,2;3868196991;;;;
215,2;3868196991;;;;
215,2;3868196992;;;;
215,2;3868196992;;;;
215,2;3868196992;;;;
215,2;3868196992;;;;
215,2;3868196992;;;;
215,2;3868196992;;;;
215,2;3868196992;;;;
215,2;3868196992;;;;
215,2;3868196992;;;;
215,2;3868196992;;;;
215,2;3868196992;;;;
215,2;3868196992;;;;
215,2;3868196992;;;;
215,2;3868196992;;;;
215,2;3868196992;;;;
215,2;3868196992;;;;
215,2;3868196993;;;;
215,2;3868196993;;;;
215,2;3868196993;;;;
215,2;3868196993;;;;
215,2;3868196993;;;;
215,2;3868196993;;;;
215,2;3868196993;;;;
215,2;3868196993;;;;
215,2;3868196993;;;;
215,2;3868196993;;;;
215,2;3868196993;;;;
215,2;3868196993;;;;
215,2;3868196993;;;;
215,2;3868196993;;;;
215,2;3868196993;;;;
215,2;3868196993;;;;
215,2;3868196993;;;;
215,2;3868196994;;;;
215,2;3868196994;;;;
215,2;3868196994;;;;
215,2;3868196994;;;;
215,2;3868196994;;;;
215,2;3868196994;;;;
215,2;3868196994;;;;
215,2;3868196994;;;;
215,2;3868196994;;;;
215,2;3868196994;;;;
215,2;3868196994;;;;
215,2;3868196994;;;;
215,2;3868196994;;;;
215,2;3868196994;;;;
215,2;3868196994;;;;
215,2;3868196994;;;;
215,2;3868196994;;;;
215,2;3868196994;;;;
215,2;3868196995;;;;
215,2;3868196995;;;;
215,2;3868196995;;;;
215,9;3868196995;;;;
215,9;3868196995;;;;
215,9;3868196995;;;;
215,9;3868196995;;;;
215,2;3868196995;;;;
215,2;3868196995;;;;
215,2;3868196995;;;;
215,2;3868196995;;;;
215,2;3868196995;;;;
215,2;3868196995;;;;
215,2;3868196995;;;;
215,2;3868196995;;;;
215,2;3868196995;;;;
215,2;3868196996;;;;
215,2;3868196996;;;;
215,2;3868196996;;;;
215,2;3868196996;;;;
215,2;3868196996;;;;
215,2;3868196996;;;;
215,2;3868196996;;;;
215,2;3868196996;;;;
215,2;3868196996;;;;
215,2;3868196996;;;;
215,2;3868196996;;;;
215,2;3868196996;;;;
215,2;3868196996;;;;
215,2;3868196996;;;;
215,2;3868196996;;;;
215,2;3868196996;;;;
215,2;3868196997;;;;
215,2;3868196997;;;;
215,2;3868196997;;;;
215,2;3868196997;;;;
215,2;3868196997;;;;
215,2;3868196997;;;;
215,2;3868196997;;;;
215,2;3868196997;;;;
215,2;3868196997;;;;
215,2;3868196997;;;;
215,2;3868196997;;;;
215,2;3868196997;;;;
215,2;3868196997;;;;
215,2;3868196997;;;;
215,2;3868196997;;;;
215,2;3868196997;;;;
215,2;3868196998;;;;
215,2;3868196998;;;;
215,2;3868196998;;;;
215,2;3868196998;;;;
215,2;3868196998;;;;
215,2;3868196998;;;;
215,2;3868196998;;;;
215,2;3868196998;;;;
215,2;3868196998;;;;
215,2;3868196998;;;;
215,2;3868196998;;;;
215,2;3868196998;;;;
215,2;3868196998;;;;
215,2;3868196998;;;;
215,2;3868196998;;;;
215,2;3868196998;;;;
215,2;3868196998;;;;
215,2;3868196999;;;;
215,2;3868196999;;;;
215,2;3868196999;;;;
215,2;3868196999;;;;
215,2;3868196999;;;;
215,2;3868196999;;;;
215,2;3868196999;;;;
215,2;3868196999;;;;
215,2;3868196999;;;;
215,2;3868196999;;;;
215,2;3868196999;;;;
215,2;3868196999;;;;
215,2;3868196999;;;;
215,2;3868196999;;;;
215,2;3868196999;;;;
215,2;3868196999;;;;
215,2;3868196999;;;;
215,2;3868196999;;;;
215,2;3868197000;;;;
215,2;3868197000;;;;
215,2;3868197000;;;;
215,2;3868197000;;;;
215,2;3868197000;;;;
215,2;3868197000;;;;
215,2;3868197000;;;;
215,2;3868197000;;;;
215,2;3868197000;;;;
215,2;3868197000;;;;
215,2;3868197000;;;;
215,2;3868197000;;;;
215,2;3868197000;;;;
215,9;3868197000;;;;
215,9;3868197000;;;;
215,9;3868197000;;;;
215,9;3868197000;;;;
215,2;3868197000;;;;
215,2;3868197001;;;;
215,2;3868197001;;;;
215,2;3868197001;;;;
215,2;3868197001;;;;
215,2;3868197001;;;;
215,2;3868197001;;;;
215,2;3868197001;;;;
215,2;3868197001;;;;
215,2;3868197001;;;;
215,2;3868197001;;;;
215,2;3868197001;;;;
215,2;3868197001;;;;
215,2;3868197001;;;;
215,2;3868197001;;;;
215,2;3868197001;;;;
215,2;3868197002;;;;
215,2;3868197002;;;;
215,2;3868197002;;;;
215,2;3868197002;;;;
215,2;3868197002;;;;
215,2;3868197002;;;;
215,2;3868197002;;;;
215,2;3868197002;;;;
215,2;3868197002;;;;
215,2;3868197002;;;;
215,2;3868197002;;;;
215,2;3868197002;;;;
215,2;3868197002;;;;
215,2;3868197002;;;;
215,2;3868197002;;;;
215,2;3868197002;;;;
215,2;3868197002;;;;
215,2;3868197003;;;;
215,2;3868197003;;;;
215,2;3868197003;;;;
215,2;3868197003;;;;
215,2;3868197003;;;;
215,2;3868197003;;;;
215,2;3868197003;;;;
215,2;3868197003;;;;
215,2;3868197003;;;;
215,2;3868197003;;;;
215,2;3868197003;;;;
215,2;3868197003;;;;
215,2;3868197003;;;;
215,2;3868197003;;;;
215,2;3868197003;;;;
215,2;3868197003;;;;
215,2;3868197003;;;;
215,2;3868197003;;;;
215,2;3868197004;;;;
215,2;3868197004;;;;
215,2;3868197004;;;;
215,2;3868197004;;;;
215,2;3868197004;;;;
215,2;3868197004;;;;
215,2;3868197004;;;;
215,2;3868197004;;;;
215,2;3868197004;;;;
215,2;3868197004;;;;
215,2;3868197004;;;;
215,2;3868197004;;;;
215,2;3868197004;;;;
215,2;3868197004;;;;
215,2;3868197004;;;;
215,2;3868197004;;;;
215,2;3868197004;;;;
215,2;3868197004;;;;
215,2;3868197004;;;;
215,2;3868197004;;;;
215,2;3868197005;;;;
215,2;3868197005;;;;
215,2;3868197005;;;;
215,2;3868197005;;;;
215,2;3868197005;;;;
215,2;3868197005;;;;
215,2;3868197005;;;;
215,2;3868197005;;;;
215,2;3868197005;;;;
215,2;3868197005;;;;
215,2;3868197005;;;;
215,2;3868197005;;;;
215,2;3868197005;;;;
215,2;3868197005;;;;
215,2;3868197005;;;;
215,2;3868197005;;;;
215,2;3868197005;;;;
215,2;3868197006;;;;
215,2;3868197006;;;;
215,2;3868197006;;;;
215,2;3868197006;;;;
215,2;3868197006;;;;
215,9;3868197041;;;;
215,9;3868197041;;;;
215,9;3868197041;;;;
215,9;3868197042;;;;
215,9;3868197042;;;;
215,9;3868197042;;;;
215,9;3868197042;;;;
215,9;3868197042;;;;
215,9;3868197042;;;;
215,9;3868197042;;;;
215,9;3868197042;;;;
215,9;3868197042;;;;
215,9;3868197042;;;;
215,9;3868197042;;;;
215,9;3868197042;;;;
215,9;3868197042;;;;
215,9;3868197042;;;;
215,9;3868197042;;;;
215,9;3868197042;;;;
215,9;3868197042;;;;
215,9;3868197042;;;;
215,9;3868197042;;;;
215,9;3868197043;;;;
215,9;3868197043;;;;
215,9;3868197043;;;;
215,2;3868197043;;;;
215,2;3868197043;;;;
215,2;3868197043;;;;
215,2;3868197043;;;;
215,2;3868197043;;;;
215,2;3868197043;;;;
215,2;3868197043;;;;
213,8;3868197043;;;;
213,8;3868197043;;;;
213,8;3868197043;;;;
213,1;3868197043;;;;
213,1;3868197043;;;;
213,1;3868197043;;;;
213,1;3868197043;;;;
212,4;3868197043;;;;
212,4;3868197044;;;;
212,4;3868197044;;;;
212,4;3868197044;;;;
212,4;3868197044;;;;
212,4;3868197044;;;;
212,4;3868197044;;;;
212,4;3868197044;;;;
212,4;3868197044;;;;
212,4;3868197044;;;;
212,4;3868197044;;;;
212,4;3868197044;;;;
212,4;3868197044;;;;
212,4;3868197044;;;;
212,4;3868197044;;;;
212,4;3868197044;;;;
212,4;3868197044;;;;
214,5;3868197045;;;;
214,5;3868197045;;;;
214,5;3868197045;;;;
214,5;3868197045;;;;
215,9;3868197045;;;;
215,9;3868197045;;;;
215,9;3868197045;;;;
215,9;3868197045;;;;
215,9;3868197045;;;;
215,9;3868197045;;;;
215,9;3868197045;;;;
215,9;3868197045;;;;
215,9;3868197045;;;;
215,9;3868197045;;;;
215,9;3868197045;;;;
215,9;3868197045;;;;
215,9;3868197045;;;;
215,9;3868197045;;;;
215,9;3868197045;;;;
215,9;3868197046;;;;
215,9;3868197046;;;;
215,9;3868197046;;;;
215,9;3868197046;;;;
215,9;3868197046;;;;
215,9;3868197046;;;;
215,9;3868197046;;;;
215,9;3868197046;;;;
215,9;3868197046;;;;
215,9;3868197046;;;;
215,9;3868197046;;;;
215,9;3868197046;;;;
215,2;3868197046;;;;
215,2;3868197046;;;;
215,2;3868197046;;;;
215,9;3868197046;;;;
215,9;3868197046;;;;
215,9;3868197047;;;;
215,9;3868197047;;;;
215,9;3868197047;;;;
215,9;3868197047;;;;
215,9;3868197047;;;;
215,9;3868197047;;;;
215,9;3868197047;;;;
215,9;3868197047;;;;
215,9;3868197047;;;;
215,9;3868197047;;;;
215,9;3868197047;;;;
215,9;3868197047;;;;
215,9;3868197047;;;;
215,9;3868197047;;;;
215,9;3868197047;;;;
215,9;3868197047;;;;
215,9;3868197047;;;;
215,9;3868197047;;;;
215,9;3868197048;;;;
215,2;3868197048;;;;
215,2;3868197048;;;;
215,2;3868197048;;;;
213,8;3868197048;;;;
213,8;3868197048;;;;
213,8;3868197048;;;;
213,1;3868197048;;;;
213,1;3868197048;;;;
213,1;3868197048;;;;
213,1;3868197048;;;;
212,4;3868197048;;;;
212,4;3868197048;;;;
212,4;3868197048;;;;
212,4;3868197048;;;;
212,4;3868197049;;;;
212,4;3868197049;;;;
211,7;3868197049;;;;
211,7;3868197049;;;;
211,7;3868197049;;;;
211,7;3868197049;;;;
212,4;3868197049;;;;
212,4;3868197049;;;;
212,4;3868197049;;;;
212,4;3868197049;;;;
212,4;3868197049;;;;
212,4;3868197049;;;;
212,4;3868197049;;;;
213,8;3868197049;;;;
213,8;3868197049;;;;
213,8;3868197049;;;;
213,8;3868197049;;;;
214,5;3868197049;;;;
214,5;3868197050;;;;
214,5;3868197050;;;;
214,5;3868197050;;;;
214,5;3868197050;;;;
214,5;3868197050;;;;
213,8;3868197050;;;;
213,8;3868197050;;;;
213,8;3868197050;;;;
212,4;3868197050;;;;
212,4;3868197050;;;;
212,4;3868197050;;;;
211,7;3868197050;;;;
211,7;3868197050;;;;
211,7;3868197050;;;;
211,7;3868197050;;;;
213,8;3868197050;;;;
213,8;3868197051;;;;
213,8;3868197051;;;;
213,8;3868197051;;;;
214,5;3868197051;;;;
214,5;3868197051;;;;
214,5;3868197051;;;;
214,5;3868197051;;;;
214,5;3868197051;;;;
214,5;3868197051;;;;
214,5;3868197051;;;;
214,5;3868197051;;;;
214,5;3868197051;;;;
214,5;3868197051;;;;
214,5;3868197051;;;;
214,5;3868197051;;;;
214,5;3868197051;;;;
214,5;3868197051;;;;
214,5;3868197051;;;;
214,5;3868197052;;;;
214,5;3868197052;;;;
214,5;3868197052;;;;
214,5;3868197052;;;;
214,5;3868197052;;;;
214,5;3868197052;;;;
214,5;3868197052;;;;
214,5;3868197052;;;;
214,5;3868197052;;;;
214,5;3868197052;;;;
214,5;3868197052;;;;
214,5;3868197052;;;;
214,5;3868197052;;;;
214,5;3868197052;;;;
214,5;3868197052;;;;
214,5;3868197052;;;;
214,5;3868197052;;;;
214,5;3868197053;;;;
214,5;3868197053;;;;
214,5;3868197053;;;;
214,5;3868197053;;;;
214,5;3868197053;;;;
214,5;3868197053;;;;
214,5;3868197053;;;;
214,5;3868197053;;;;
214,5;3868197053;;;;
214,5;3868197053;;;;
214,5;3868197053;;;;
214,5;3868197053;;;;
214,5;3868197053;;;;
214,5;3868197053;;;;
214,5;3868197053;;;;
214,5;3868197053;;;;
214,5;3868197053;;;;
214,5;3868197053;;;;
214,5;3868197054;;;;
214,5;3868197054;;;;
214,5;3868197054;;;;
214,5;3868197054;;;;
214,5;3868197054;;;;
214,5;3868197054;;;;
214,5;3868197054;;;;
214,5;3868197054;;;;
214,5;3868197054;;;;
214,5;3868197054;;;;
214,5;3868197054;;;;
214,5;3868197054;;;;
214,5;3868197054;;;;
214,5;3868197054;;;;
213,8;3868197054;;;;
213,8;3868197054;;;;
214,5;3868197055;;;;
214,5;3868197055;;;;
214,5;3868197055;;;;
214,5;3868197055;;;;
214,5;3868197055;;;;
214,5;3868197055;;;;
214,5;3868197055;;;;
214,5;3868197055;;;;
214,5;3868197055;;;;
214,5;3868197055;;;;
214,5;3868197055;;;;
214,5;3868197055;;;;
214,5;3868197055;;;;
214,5;3868197055;;;;
214,5;3868197055;;;;
214,5;3868197056;;;;
214,5;3868197056;;;;
214,5;3868197056;;;;
214,5;3868197056;;;;
214,5;3868197056;;;;
214,5;3868197056;;;;
214,5;3868197056;;;;
214,5;3868197056;;;;
214,5;3868197056;;;;
214,5;3868197056;;;;
214,5;3868197056;;;;
214,5;3868197056;;;;
214,5;3868197056;;;;
214,5;3868197056;;;;
214,5;3868197056;;;;
214,5;3868197057;;;;
214,5;3868197057;;;;
214,5;3868197057;;;;
214,5;3868197057;;;;
214,5;3868197057;;;;
214,5;3868197057;;;;
214,5;3868197057;;;;
214,5;3868197057;;;;
214,5;3868197057;;;;
214,5;3868197057;;;;
214,5;3868197057;;;;
214,5;3868197057;;;;
214,5;3868197057;;;;
214,5;3868197057;;;;
214,5;3868197057;;;;
214,5;3868197057;;;;
214,5;3868197057;;;;
214,5;3868197058;;;;
214,5;3868197058;;;;
214,5;3868197058;;;;
214,5;3868197058;;;;
214,5;3868197058;;;;
214,5;3868197058;;;;
214,5;3868197058;;;;
214,5;3868197058;;;;
214,5;3868197058;;;;
214,5;3868197058;;;;
214,5;3868197058;;;;
214,5;3868197058;;;;
214,5;3868197058;;;;
214,5;3868197058;;;;
214,5;3868197058;;;;
214,5;3868197058;;;;
214,5;3868197059;;;;
214,5;3868197059;;;;
214,5;3868197059;;;;
214,5;3868197059;;;;
214,5;3868197059;;;;
214,5;3868197059;;;;
214,5;3868197059;;;;
214,5;3868197059;;;;
214,5;3868197059;;;;
214,5;3868197059;;;;
214,5;3868197059;;;;
214,5;3868197059;;;;
214,5;3868197059;;;;
214,5;3868197059;;;;
214,5;3868197059;;;;
214,5;3868197059;;;;
214,5;3868197059;;;;
214,5;3868197060;;;;
214,5;3868197060;;;;
214,5;3868197060;;;;
214,5;3868197060;;;;
214,5;3868197060;;;;
214,5;3868197060;;;;
214,5;3868197060;;;;
214,5;3868197060;;;;
214,5;3868197060;;;;
214,5;3868197060;;;;
214,5;3868197060;;;;
214,5;3868197060;;;;
214,5;3868197060;;;;
214,5;3868197060;;;;
214,5;3868197060;;;;
214,5;3868197060;;;;
214,5;3868197060;;;;
214,5;3868197061;;;;
214,5;3868197061;;;;
214,5;3868197061;;;;
214,5;3868197061;;;;
214,5;3868197061;;;;
214,5;3868197061;;;;
214,5;3868197061;;;;
214,5;3868197061;;;;
214,5;3868197061;;;;
214,5;3868197061;;;;
214,5;3868197061;;;;
214,5;3868197061;;;;
214,5;3868197061;;;;
214,5;3868197061;;;;
214,5;3868197061;;;;
214,5;3868197062;;;;
214,5;3868197062;;;;
214,5;3868197062;;;;
214,5;3868197062;;;;
214,5;3868197062;;;;
214,5;3868197062;;;;
214,5;3868197062;;;;
214,5;3868197062;;;;
214,5;3868197062;;;;
214,5;3868197062;;;;
214,5;3868197062;;;;
214,5;3868197062;;;;
214,5;3868197062;;;;
214,5;3868197062;;;;
214,5;3868197062;;;;
214,5;3868197063;;;;
214,5;3868197063;;;;
214,5;3868197063;;;;
214,5;3868197063;;;;
214,5;3868197063;;;;
214,5;3868197063;;;;
214,5;3868197063;;;;
214,5;3868197063;;;;
214,5;3868197063;;;;
214,5;3868197063;;;;
214,5;3868197063;;;;
214,5;3868197063;;;;
214,5;3868197063;;;;
214,5;3868197063;;;;
214,5;3868197063;;;;
214,5;3868197063;;;;
214,5;3868197064;;;;
214,5;3868197064;;;;
214,5;3868197064;;;;
214,5;3868197064;;;;
214,5;3868197064;;;;
214,5;3868197064;;;;
214,5;3868197064;;;;
214,5;3868197064;;;;
214,5;3868197064;;;;
214,5;3868197064;;;;
214,5;3868197064;;;;
214,5;3868197064;;;;
214,5;3868197064;;;;
214,5;3868197065;;;;
214,5;3868197065;;;;
214,5;3868197065;;;;
214,5;3868197065;;;;
214,5;3868197065;;;;
214,5;3868197065;;;;
214,5;3868197065;;;;
214,5;3868197065;;;;
214,5;3868197065;;;;
214,5;3868197065;;;;
214,5;3868197065;;;;
214,5;3868197065;;;;
214,5;3868197065;;;;
214,5;3868197065;;;;
214,5;3868197066;;;;
214,5;3868197066;;;;
214,5;3868197066;;;;
214,5;3868197066;;;;
214,5;3868197066;;;;
214,5;3868197066;;;;
214,5;3868197066;;;;
214,5;3868197066;;;;
214,5;3868197066;;;;
214,5;3868197066;;;;
214,5;3868197066;;;;
214,5;3868197066;;;;
214,5;3868197066;;;;
214,5;3868197066;;;;
214,5;3868197066;;;;
214,5;3868197067;;;;
214,5;3868197067;;;;
214,5;3868197067;;;;
214,5;3868197067;;;;
214,5;3868197067;;;;
214,5;3868197067;;;;
214,5;3868197067;;;;
214,5;3868197067;;;;
214,5;3868197067;;;;
214,5;3868197067;;;;
214,5;3868197067;;;;
214,5;3868197067;;;;
214,5;3868197067;;;;
214,5;3868197067;;;;
214,5;3868197067;;;;
214,5;3868197068;;;;
214,5;3868197068;;;;
214,5;3868197068;;;;
214,5;3868197068;;;;
214,5;3868197068;;;;
214,5;3868197068;;;;
214,5;3868197068;;;;
214,5;3868197068;;;;
214,5;3868197068;;;;
214,5;3868197068;;;;
214,5;3868197068;;;;
214,5;3868197068;;;;
214,5;3868197068;;;;
214,5;3868197068;;;;
214,5;3868197068;;;;
214,5;3868197068;;;;
214,5;3868197068;;;;
214,5;3868197069;;;;
214,5;3868197069;;;;
214,5;3868197069;;;;
214,5;3868197069;;;;
214,5;3868197069;;;;
214,5;3868197069;;;;
214,5;3868197069;;;;
214,5;3868197069;;;;
214,5;3868197069;;;;
214,5;3868197069;;;;
214,5;3868197069;;;;
214,5;3868197069;;;;
214,5;3868197069;;;;
214,5;3868197069;;;;
214,5;3868197069;;;;
214,5;3868197069;;;;
214,5;3868197069;;;;
214,5;3868197069;;;;
214,5;3868197069;;;;
214,5;3868197070;;;;
214,5;3868197070;;;;
214,5;3868197070;;;;
214,5;3868197070;;;;
214,5;3868197070;;;;
214,5;3868197070;;;;
214,5;3868197070;;;;
214,5;3868197070;;;;
214,5;3868197070;;;;
214,5;3868197070;;;;
214,5;3868197070;;;;
214,5;3868197070;;;;
214,5;3868197070;;;;
214,5;3868197070;;;;
214,5;3868197070;;;;
214,5;3868197070;;;;
214,5;3868197070;;;;
214,5;3868197070;;;;
214,5;3868197071;;;;
214,5;3868197071;;;;
214,5;3868197071;;;;
214,5;3868197071;;;;
214,5;3868197071;;;;
214,5;3868197071;;;;
214,5;3868197071;;;;
214,5;3868197071;;;;
214,5;3868197071;;;;
214,5;3868197071;;;;
214,5;3868197071;;;;
214,5;3868197071;;;;
214,5;3868197071;;;;
214,5;3868197071;;;;
214,5;3868197072;;;;
214,5;3868197072;;;;
214,5;3868197072;;;;
214,5;3868197072;;;;
214,5;3868197072;;;;
214,5;3868197072;;;;
214,5;3868197072;;;;
214,5;3868197072;;;;
214,5;3868197072;;;;
214,5;3868197072;;;;
214,5;3868197072;;;;
214,5;3868197072;;;;
214,5;3868197072;;;;
214,5;3868197072;;;;
214,5;3868197072;;;;
214,5;3868197073;;;;
214,5;3868197073;;;;
214,5;3868197073;;;;
214,5;3868197073;;;;
214,5;3868197073;;;;
214,5;3868197073;;;;
214,5;3868197073;;;;
214,5;3868197073;;;;
214,5;3868197073;;;;
214,5;3868197073;;;;
214,5;3868197073;;;;
214,5;3868197073;;;;
214,5;3868197073;;;;
214,5;3868197073;;;;
214,5;3868197073;;;;
214,5;3868197074;;;;
214,5;3868197074;;;;
214,5;3868197074;;;;
214,5;3868197074;;;;
214,5;3868197074;;;;
214,5;3868197074;;;;
214,5;3868197074;;;;
214,5;3868197074;;;;
214,5;3868197074;;;;
214,5;3868197074;;;;
214,5;3868197074;;;;
214,5;3868197074;;;;
214,5;3868197074;;;;
214,5;3868197074;;;;
214,5;3868197074;;;;
214,5;3868197074;;;;
214,5;3868197075;;;;
214,5;3868197075;;;;
214,5;3868197075;;;;
214,5;3868197075;;;;
214,5;3868197075;;;;
214,5;3868197075;;;;
214,5;3868197075;;;;
214,5;3868197075;;;;
214,5;3868197075;;;;
214,5;3868197075;;;;
214,5;3868197075;;;;
214,5;3868197075;;;;
214,5;3868197075;;;;
214,5;3868197075;;;;
214,5;3868197075;;;;
214,5;3868197075;;;;
214,5;3868197075;;;;
214,5;3868197075;;;;
214,5;3868197076;;;;
214,5;3868197076;;;;
214,5;3868197076;;;;
214,5;3868197076;;;;
214,5;3868197076;;;;
214,5;3868197076;;;;
214,5;3868197076;;;;
214,5;3868197076;;;;
214,5;3868197076;;;;
214,5;3868197076;;;;
214,5;3868197076;;;;
214,5;3868197076;;;;
214,5;3868197076;;;;
214,5;3868197076;;;;
214,5;3868197076;;;;
214,5;3868197076;;;;
214,5;3868197077;;;;
3009;3868202055;;;;
3000;3868202067;;;;
0;3868202339;;;;
0;3868202835;;;;
0;3868202835;;;;
0;3868202835;;;;
0;3868202835;;;;
0;3868202835;;;;
0;3868202835;;;;
0;3868202836;;;;
0;3868202836;;;;
0;3868202836;;;;
0;3868202836;;;;
0;3868202836;;;;
0;3868202836;;;;
0;3868202836;;;;
0;3868202836;;;;
0;3868202836;;;;
0;3868202836;;;;
0;3868202836;;;;
0;3868202836;;;;
0;3868202836;;;;
0;3868202836;;;;
0;3868202836;;;;
0;3868202836;;;;
0;3868202836;;;;
0;3868202836;;;;
0;3868202837;;;;
0;3868202837;;;;
0;3868202837;;;;
0;3868202837;;;;
0;3868202837;;;;
0;3868202837;;;;
0;3868202837;;;;
0;3868202837;;;;
0;3868202837;;;;
0;3868202837;;;;
0;3868202837;;;;
0;3868202837;;;;
0;3868202837;;;;
0;3868202837;;;;
0;3868202837;;;;
0;3868202837;;;;
0;3868202837;;;;
0;3868202837;;;;
0;3868202838;;;;
0;3868202838;;;;
0;3868202838;;;;
0;3868202838;;;;
0;3868202838;;;;
0;3868202838;;;;
0;3868202838;;;;
0;3868202838;;;;
0;3868202838;;;;
0;3868202838;;;;
0;3868202838;;;;
0;3868202838;;;;
0;3868202838;;;;
0;3868202838;;;;
0;3868202838;;;;
0;3868202838;;;;
0;3868202838;;;;
0;3868202838;;;;
0;3868202839;;;;
0;3868202839;;;;
0;3868202839;;;;
0;3868202839;;;;
0;3868202839;;;;
0;3868202839;;;;
0;3868202839;;;;
0;3868202839;;;;
0;3868202839;;;;
0;3868202839;;;;
0;3868202839;;;;
0;3868202839;;;;
0;3868202839;;;;
0;3868202839;;;;
0;3868202839;;;;
0;3868202839;;;;
0;3868202839;;;;
0;3868202839;;;;
0;3868202840;;;;
0;3868202840;;;;
0;3868202840;;;;
0;3868202840;;;;
0;3868202840;;;;
0;3868202840;;;;
0;3868202840;;;;
0;3868202840;;;;
0;3868202840;;;;
0;3868202840;;;;
0;3868202840;;;;
0;3868202840;;;;
0;3868202840;;;;
0;3868202840;;;;
0;3868202840;;;;
0;3868202840;;;;
0;3868202840;;;;
0;3868202840;;;;
0;3868202841;;;;
0;3868202841;;;;
0;3868202841;;;;
0;3868202841;;;;
0;3868202841;;;;
0;3868202841;;;;
0;3868202841;;;;
0;3868202841;;;;
0;3868202841;;;;
0;3868202841;;;;
0;3868202841;;;;
0;3868202841;;;;
0;3868202841;;;;
0;3868202841;;;;
0;3868202841;;;;
0;3868202841;;;;
0;3868202841;;;;
0;3868202842;;;;
0;3868202842;;;;
0;3868202842;;;;
0;3868202842;;;;
0;3868202842;;;;
0;3868202842;;;;
0;3868202842;;;;
0;3868202842;;;;
0;3868202842;;;;
0;3868202842;;;;
0;3868202842;;;;
0;3868202842;;;;
0;3868202842;;;;
0;3868202842;;;;
0;3868202842;;;;
0;3868202842;;;;
0;3868202842;;;;
0;3868202843;;;;
0;3868202843;;;;
0;3868202843;;;;
0;3868202843;;;;
0;3868202843;;;;
0;3868202843;;;;
0;3868202843;;;;
0;3868202843;;;;
0;3868202843;;;;
0;3868202843;;;;
0;3868202843;;;;
0;3868202843;;;;
0;3868202843;;;;
0;3868202843;;;;
0;3868202843;;;;
0;3868202843;;;;
0;3868202843;;;;
0;3868202843;;;;
0;3868202844;;;;
0;3868202844;;;;
0;3868202844;;;;
0;3868202844;;;;
0;3868202844;;;;
0;3868202844;;;;
0;3868202844;;;;
0;3868202844;;;;
0;3868202844;;;;
0;3868202844;;;;
0;3868202844;;;;
0;3868202844;;;;
0;3868202844;;;;
0;3868202844;;;;
0;3868202844;;;;
0;3868202844;;;;
0;3868202844;;;;
0;3868202844;;;;
0;3868202844;;;;
0;3868202845;;;;
0;3868202845;;;;
0;3868202845;;;;
0;3868202845;;;;
0;3868202845;;;;
0;3868202845;;;;
0;3868202845;;;;
0;3868202845;;;;
0;3868202845;;;;
0;3868202845;;;;
0;3868202845;;;;
0;3868202845;;;;
0;3868202845;;;;
0;3868202845;;;;
0;3868202845;;;;
0;3868202845;;;;
0;3868202845;;;;
0;3868202845;;;;
0;3868202846;;;;
0;3868202846;;;;
0;3868202846;;;;
0;3868202846;;;;
0;3868202846;;;;
0;3868202846;;;;
0;3868202846;;;;
0;3868202846;;;;
0;3868202846;;;;
0;3868202846;;;;
0;3868202846;;;;
0;3868202846;;;;
0;3868202846;;;;
0;3868202846;;;;
0;3868202846;;;;
0;3868202846;;;;
0;3868202847;;;;
0;3868202847;;;;
0;3868202847;;;;
0;3868202847;;;;
0;3868202847;;;;
0;3868202847;;;;
0;3868202847;;;;
0;3868202847;;;;
0;3868202847;;;;
0;3868202847;;;;
0;3868202847;;;;
0;3868202847;;;;
0;3868202847;;;;
0;3868202847;;;;
0;3868202847;;;;
2999;3868202884;;;;
3005;3868202884;;;;
3004;3868202884;;;;
3000;3868202884;;;;
2998;3868202884;;;;
3007;3868202884;;;;
3001;3868202885;;;;
3010;3868202885;;;;
2997;3868202885;;;;
3000;3868202885;;;;
3002;3868202885;;;;
2990;3868202885;;;;
3003;3868202885;;;;
3006;3868202885;;;;
2995;3868202885;;;;
2995;3868202885;;;;
3001;3868202885;;;;
3001;3868202885;;;;
3001;3868202885;;;;
2994;3868202885;;;;
3001;3868202885;;;;
3015;3868202885;;;;
2996;3868202885;;;;
3000;3868202886;;;;
2995;3868202886;;;;
3013;3868202886;;;;
2999;3868202886;;;;
2997;3868202886;;;;
3004;3868202886;;;;
3009;3868202886;;;;
3004;3868202886;;;;
2996;3868202886;;;;
3012;3868202886;;;;
3004;3868202886;;;;
3001;3868202886;;;;
3006;3868202886;;;;
3011;3868202886;;;;
3007;3868202886;;;;
3001;3868202886;;;;
3001;3868202886;;;;
3014;3868202886;;;;
2996;3868202887;;;;
3001;3868202887;;;;
2996;3868202887;;;;
2998;3868202887;;;;
3011;3868202887;;;;
3000;3868202887;;;;
3001;3868202887;;;;
2999;3868202887;;;;
2996;3868202887;;;;
3000;3868202887;;;;
3004;3868202887;;;;
3000;3868202887;;;;
3004;3868202887;;;;
3003;3868202887;;;;
3004;3868202887;;;;
2995;3868202887;;;;
2994;3868202887;;;;
3012;3868202887;;;;
2992;3868202887;;;;
2998;3868202888;;;;
3001;3868202888;;;;
2994;3868202888;;;;
3009;3868202888;;;;
3003;3868202888;;;;
3004;3868202888;;;;
2988;3868202888;;;;
3001;3868202888;;;;
2995;3868202888;;;;
3007;3868202888;;;;
3001;3868202888;;;;
3004;3868202888;;;;
3005;3868202888;;;;
2998;3868202888;;;;
3001;3868202888;;;;
2993;3868202888;;;;
2997;3868202889;;;;
2996;3868202889;;;;
3000;3868202889;;;;
2979;3868202889;;;;
2992;3868202889;;;;
2995;3868202889;;;;
2991;3868202889;;;;
3000;3868202889;;;;
2995;3868202889;;;;
2998;3868202889;;;;
3003;3868202889;;;;
2993;3868202889;;;;
3001;3868202889;;;;
2995;3868202889;;;;
3006;3868202889;;;;
3002;3868202889;;;;
3010;3868202889;;;;
2997;3868202889;;;;
3016;3868202890;;;;
3007;3868202890;;;;
3003;3868202890;;;;
3001;3868202890;;;;
2985;3868202890;;;;
2992;3868202890;;;;
3002;3868202890;;;;
2998;3868202890;;;;
3000;3868202890;;;;
2997;3868202890;;;;
2994;3868202890;;;;
2994;3868202890;;;;
3003;3868202890;;;;
2997;3868202890;;;;
2988;3868202890;;;;
2994;3868202890;;;;
2997;3868202890;;;;
3002;3868202890;;;;
2999;3868202891;;;;
3001;3868202891;;;;
3013;3868202891;;;;
2998;3868202891;;;;
2993;3868202891;;;;
2992;3868202891;;;;
2999;3868202891;;;;
3002;3868202891;;;;
3004;3868202891;;;;
3001;3868202891;;;;
2995;3868202891;;;;
2994;3868202891;;;;
2991;3868202891;;;;
2995;3868202891;;;;
2996;3868202891;;;;
2991;3868202891;;;;
2998;3868202892;;;;
3006;3868202892;;;;
3000;3868202892;;;;
2998;3868202892;;;;
3006;3868202892;;;;
3014;3868202892;;;;
3018;3868202892;;;;
2998;3868202892;;;;
3009;3868202892;;;;
2999;3868202892;;;;
3004;3868202892;;;;
2995;3868202892;;;;
3016;3868202892;;;;
2997;3868202892;;;;
3007;3868202892;;;;
3001;3868202892;;;;
3004;3868202892;;;;
2994;3868202892;;;;
3001;3868202893;;;;
3005;3868202893;;;;
3003;3868202893;;;;
2996;3868202893;;;;
2994;3868202893;;;;
3003;3868202893;;;;
3000;3868202893;;;;
2997;3868202893;;;;
3001;3868202893;;;;
2998;3868202893;;;;
3006;3868202893;;;;
3003;3868202893;;;;
3010;3868202893;;;;
3005;3868202893;;;;
3001;3868202893;;;;
3002;3868202893;;;;
2994;3868202893;;;;
2993;3868202893;;;;
2998;3868202893;;;;
2997;3868202894;;;;
3001;3868202894;;;;
3006;3868202894;;;;
3004;3868202894;;;;
3004;3868202894;;;;
3000;3868202894;;;;
3001;3868202894;;;;
2992;3868202894;;;;
2995;3868202894;;;;
2992;3868202894;;;;
2995;3868202894;;;;
2995;3868202894;;;;
3013;3868202894;;;;
3003;3868202894;;;;
3001;3868202894;;;;
2997;3868202894;;;;
3003;3868202894;;;;
3001;3868202894;;;;
3004;3868202894;;;;
3004;3868202895;;;;
3012;3868202895;;;;
2999;3868202895;;;;
3002;3868202895;;;;
3005;3868202895;;;;
3000;3868202895;;;;
2991;3868202895;;;;
3003;3868202895;;;;
2994;3868202895;;;;
3000;3868202895;;;;
2998;3868202895;;;;
2994;3868202895;;;;
2997;3868202895;;;;
2993;3868202895;;;;
3004;3868202895;;;;
3007;3868202895;;;;
3009;3868202895;;;;
3003;3868202896;;;;
2992;3868202896;;;;
2996;3868202896;;;;
3000;3868202896;;;;
3003;3868202896;;;;
3001;3868202896;;;;
3003;3868202896;;;;
3004;3868202896;;;;
3005;3868202896;;;;
3010;3868202896;;;;
2997;3868202896;;;;
2998;3868202896;;;;
2995;3868202896;;;;
2998;3868202896;;;;
3003;3868202896;;;;
2996;3868202896;;;;
2997;3868202896;;;;
-1;-1;-1;-1;-1;
-1;-1;-1;-1;-1;
-1;-1;-1;-1;-1;
-1;-1;-1;-1;-1;
-1;-1;-1;-1;-1;
-1;-1;-1;-1;-1;
-1;-1;-1;-1;-1;
-1;-1;-1;-1;-1;
-1;-1;-1;-1;-1;
-1;-1;-1;-1;-1;
-1;-1;-1;-1;-1;
-1;-1;-1;-1;-1;
-1;-1;-1;-1;-1;
-1;-1;-1;-1;-1;
-1;-1;-1;-1;-1;
-1;-1;-1;-1;-1;
-1;-1;-1;-1;-1;
-1;-1;-1;-1;-1;
-1;-1;-1;-1;-1;
-1;-1;-1;-1;-1;
-1;-1;-1;-1;-1;
-1;-1;-1;-1;-1;
-1;-1;-1;-1;-1;
-1;-1;-1;-1;-1;
-1;-1;-1;-1;-1;
-1;-1;-1;-1;-1;
-1;-1;-1;-1;-1;
-1;-1;-1;-1;-1;
-1;-1;-1;-1;-1;
-1;-1;-1;-1;-1;
-1;-1;-1;-1;-1;
-1;-1;-1;-1;-1;
-1;-1;-1;-1;-1;
-1;-1;-1;-1;-1;
-1;-1;-1;-1;-1;
-1;-1;-1;-1;-1;
-1;-1;-1;-1;-1;
3149;38,4;41,6;216,6;-1;
3001;38,8;41,6;216,6;-1;
2995;38,7;41,6;217,3;-1;
3003;38,5;41,6;216,6;-1;
0;38,8;41,7;213,1;-1;
0;38,9;41,7;213,8;-1;
0;38,9;41,7;213,8;-1;
0;38,9;41,7;213,8;-1;
0;38,9;41,8;213,8;-1;
0;38,9;41,7;215,2;-1;
0;38,9;41,7;216,6;-1;
0;39,1;41,7;216,6;-1;
0;39,1;41,7;216,6;-1;
0;39,1;41,7;216,6;-1;
0;39,1;41,8;216,6;-1;
0;39,2;41,8;216,6;-1;
0;39,2;41,7;216,6;-1;
0;39,2;41,8;216,6;-1;
0;39,2;41,7;216,6;-1;
0;39,4;41,7;216,6;-1;
0;39,4;41,7;216,6;-1;
0;39,4;41,7;217,3;-1;
0;39,4;41,7;216,6;-1;
0;39,4;41,7;217,3;-1;
0;39,4;41,7;217,3;-1;
0;39,5;41,8;217,3;-1;
0;39,5;41,7;216,6;-1;
0;39,5;41,7;216,6;-1;
0;39,5;41,7;215,9;-1;
0;39,6;41,8;215,2;-1;
0;39,6;41,7;215,2;-1;
0;39,6;41,7;214,5;-1;
0;39,6;41,8;213,8;-1;
0;39,8;41,8;213,1;-1;
0;39,6;41,7;213,1;-1;
0;39,8;41,7;213,1;-1;
0;39,8;41,8;213,8;-1;
0;39,6;41,7;213,8;-1;
415;39,8;41,8;214,5;-1;
921;39,6;41,7;215,9;-1;
1167;39,8;41,7;215,9;-1;
1481;39,8;41,8;215,9;-1;
1889;39,8;41,7;215,2;-1;
2426;39,9;41,8;213,8;-1;
2967;39,9;41,8;213,1;-1;
3353;39,9;41,7;213,1;-1;
3369;40;41,7;215,2;-1;
3320;39,9;41,7;215,9;-1;
3246;40;41,7;215,9;-1;
3177;40;41,7;215,9;-1;
3107;40;41,7;215,9;-1;
3051;40,2;41,7;215,9;-1;
2989;40,2;41,7;215,9;-1;
2943;40,3;41,7;215,9;-1;
2908;40,3;41,8;215,9;-1;
2919;40,3;41,7;215,9;-1;
2940;40,3;41,7;215,9;-1;
2965;40,4;41,8;215,9;-1;
2994;40,4;41,7;215,9;-1;
2999;40,4;41,8;215,9;-1;
3004;40,4;41,7;215,9;-1;
3005;40,4;41,8;215,9;-1;
3009;40,4;41,7;215,9;-1;
2995;40,4;41,7;215,9;-1;
3000;40,4;41,7;215,9;-1;
3000;40,4;41,7;215,9;-1;
3002;40,4;41,7;215,9;-1;
2995;40,4;41,7;215,9;-1;
2998;40,4;41,8;215,9;-1;
3004;40,4;41,7;215,9;-1;
3004;40,4;41,7;215,9;-1;
3007;40,4;41,8;215,9;-1;
3003;40,4;41,8;215,9;-1;
2997;40,4;41,8;215,9;-1;
3009;40,4;41,8;215,9;-1;
3006;40,3;41,8;215,9;-1;
3007;40,4;41,8;215,9;-1;
2997;40,3;41,7;215,9;-1;
2994;40,3;41,8;215,9;-1;
3016;40,3;41,7;215,9;-1;
0;37,6;41,8;216,6;-1;
0;37,6;41,7;216,6;-1;
0;37,6;41,8;216,6;-1;
0;37,6;41,7;216,6;-1;
0;37,7;41,8;216,6;-1;
0;37,6;41,7;216,6;-1;
0;37,6;41,8;216,6;-1;
0;37,6;41,8;216,6;-1;
0;37,7;41,8;216,6;-1;
0;37,6;41,8;216,6;-1;
0;37,7;41,8;216,6;-1;
0;37,7;41,8;216,6;-1;
0;37,7;41,8;216,6;-1;
0;37,6;41,7;216,6;-1;
0;37,6;41,8;216,6;-1;
0;37,6;41,7;216,6;-1;
0;37,6;41,8;216,6;-1;
0;37,6;41,8;216,6;-1;
0;37,7;41,8;216,6;-1;
0;37,7;41,8;216,6;-1;
0;37,6;41,8;216,6;-1;
0;37,6;41,8;216,6;-1;
0;37,6;41,8;216,6;-1;
0;37,6;41,8;216,6;-1;
0;37,7;41,8;216,6;-1;
0;37,6;41,8;216,6;-1;
0;37,6;41,8;216,6;-1;
0;37,7;41,8;216,6;-1;
0;37,6;41,8;216,6;-1;
0;37,6;41,8;216,6;-1;
0;37,6;41,7;216,6;-1;
0;37,6;41,8;216,6;-1;
0;37,6;41,8;216,6;-1;
0;37,6;41,8;216,6;-1;
0;37,7;41,8;216,6;-1;
0;37,6;41,8;216,6;-1;
0;37,6;41,8;216,6;-1;
0;37,6;41,8;216,6;-1;
0;37,6;41,8;216,6;-1;
0;37,7;41,8;216,6;-1;
0;37,6;41,8;216,6;-1;
0;37,6;41,8;216,6;-1;
0;37,6;41,8;216,6;-1;
0;37,6;41,8;216,6;-1;
0;37,7;41,8;216,6;-1;
0;37,6;41,7;216,6;-1;
0;37,6;41,7;216,6;-1;
0;37,6;41,8;216,6;-1;
0;37,6;41,8;216,6;-1;
0;37,6;41,7;216,6;-1;
0;37,6;41,7;216,6;-1;
0;37,6;41,8;216,6;-1;
0;37,6;41,8;216,6;-1;
0;37,6;41,8;216,6;-1;
0;37,6;41,8;216,6;-1;
0;37,6;41,8;216,6;-1;
0;37,6;41,8;216,6;-1;
0;37,6;41,8;216,6;-1;
0;37,6;41,8;216,6;-1;
0;37,6;41,8;216,6;-1;
0;37,6;41,8;216,6;-1;
0;37,6;41,8;216,6;-1;
0;37,6;41,8;216,6;-1;
0;37,7;41,8;216,6;-1;
0;37,6;41,8;216,6;-1;
0;37,6;41,8;216,6;-1;
0;37,6;41,8;216,6;-1;
0;37,7;41,8;216,6;-1;
0;37,6;41,8;216,6;-1;
0;37,6;41,8;216,6;-1;
0;37,6;41,8;216,6;-1;
0;37,6;41,8;216,6;-1;
0;37,6;41,8;216,6;-1;
0;37,6;41,8;216,6;-1;
0;37,6;41,8;216,6;-1;
0;37,6;41,7;216,6;-1;
0;37,6;41,8;216,6;-1;
0;37,6;41,8;216,6;-1;
0;37,6;41,8;216,6;-1;
0;37,6;41,8;216,6;-1;
0;37,6;41,8;216,6;-1;
0;37,6;41,8;216,6;-1;
0;37,6;41,8;216,6;-1;
0;37,6;41,8;216,6;-1;
0;37,6;41,8;216,6;-1;
0;37,6;41,8;216,6;-1;
0;37,6;41,8;216,6;-1;
0;37,6;41,8;216,6;-1;
0;37,6;41,7;216,6;-1;
0;37,6;41,8;216,6;-1;
0;37,6;41,8;216,6;-1;
0;37,6;41,8;216,6;-1;
0;37,6;41,8;216,6;-1;
0;37,6;41,8;216,6;-1;
0;37,6;41,8;216,6;-1;
0;37,6;41,8;216,6;-1;
0;37,6;41,8;216,6;-1;
0;37,6;41,8;216,6;-1;
0;37,6;41,8;216,6;-1;
0;37,6;41,8;216,6;-1;
0;37,6;41,8;216,6;-1;
0;37,6;41,8;216,6;-1;
0;37,7;41,8;216,6;-1;
0;37,7;41,8;216,6;-1;
0;37,6;41,7;216,6;-1;
0;37,6;41,8;216,6;-1;
0;37,6;41,7;216,6;-1;
0;37,6;41,7;216,6;-1;
0;37,7;41,8;216,6;-1;
0;37,6;41,8;216,6;-1;
0;37,6;41,8;216,6;-1;
0;37,6;41,8;216,6;-1;
3169;39,2;41,8;215,2;-1;
3113;39,2;41,8;215,2;-1;
3043;39,2;41,8;215,2;-1;
2989;39,2;41,9;215,2;-1;
2961;39,2;41,8;215,2;-1;
2919;39,2;41,9;215,2;-1;
2925;39,4;41,9;215,2;-1;
2945;39,4;41,9;215,2;-1;
2957;39,4;41,9;215,2;-1;
2975;39,4;41,9;215,2;-1;
2997;39,5;41,9;215,2;-1;
2995;39,4;41,8;215,2;-1;
3016;39,4;41,8;215,2;-1;
3007;39,4;41,8;215,2;-1;
3006;39,5;41,8;215,2;-1;
2997;39,5;41,9;215,2;-1;
3006;39,4;41,9;215,2;-1;
2995;39,5;41,9;215,2;-1;
3001;39,5;41,9;215,2;-1;
2999;39,5;41,9;215,2;-1;
3003;39,5;41,9;215,2;-1;
3003;39,5;41,8;215,2;-1;
3004;39,5;41,9;215,2;-1;
2998;39,5;41,9;215,2;-1;
2998;39,5;41,8;215,2;-1;
2995;39,6;41,9;215,2;-1;
3005;39,5;41,9;215,2;-1;
2990;39,5;41,9;215,2;-1;
3003;39,6;41,9;215,2;-1;
3003;39,5;41,8;215,2;-1;
2998;39,5;41,9;215,2;-1;
3004;39,6;41,9;215,2;-1;
3010;39,5;41,8;215,2;-1;
3003;39,5;41,8;215,2;-1;
2995;39,5;41,9;215,2;-1;
3009;39,5;41,8;215,2;-1;
3003;39,5;41,9;215,2;-1;
3011;39,5;41,9;215,2;-1;
3000;39,5;41,9;215,2;-1;
3004;39,5;41,8;215,2;-1;
3000;39,4;41,9;215,2;-1;
2998;39,5;41,9;215,2;-1;
3005;39,5;41,9;215,2;-1;
3000;39,4;41,8;215,2;-1;
3008;39,5;41,9;215,2;-1;
3006;39,4;41,9;215,2;-1;
3000;39,4;41,8;215,2;-1;
2992;39,4;41,9;215,2;-1;
3005;39,4;41,9;215,2;-1;
2994;39,5;41,9;215,2;-1;
2998;39,4;41,9;215,2;-1;
3009;39,4;41,8;215,2;-1;
3001;39,4;41,8;215,2;-1;
3000;39,4;41,9;215,2;-1;
3000;39,4;41,9;215,2;-1;
2998;39,4;41,9;215,2;-1;
3006;39,4;41,8;215,2;-1;
2998;39,4;41,9;215,2;-1;
3001;39,4;41,9;215,2;-1;
2998;39,4;41,9;215,2;-1;
2994;39,4;41,9;215,2;-1;
3006;39,4;41,9;215,2;-1;
2998;39,2;41,9;215,2;-1;
3004;39,4;41,9;215,2;-1;
3000;39,4;41,9;215,2;-1;
2999;39,4;41,9;215,2;-1;
3000;39,4;41,9;215,2;-1;
3017;39,4;41,9;215,2;-1;
3003;39,2;41,9;215,2;-1;
3008;39,2;41,9;215,2;-1;
2997;39,2;41,9;215,2;-1;
3007;39,2;41,9;215,2;-1;
2998;39,4;41,9;215,2;-1;
2996;39,2;41,9;215,2;-1;
2993;39,2;41,9;215,2;-1;
3001;39,2;41,9;215,2;-1;
3180;38,7;41,8;215,2;-1;
3099;38,7;41,8;215,2;-1;
3031;38,8;41,8;215,2;-1;
2982;38,8;41,8;215,2;-1;
2948;38,8;41,8;215,2;-1;
2920;38,9;41,8;215,2;-1;
2916;38,9;41,8;215,2;-1;
2930;38,9;41,8;214,5;-1;
2955;38,9;41,8;215,2;-1;
2967;38,9;41,8;214,5;-1;
2994;39,1;41,8;214,5;-1;
3007;39,1;41,8;215,2;-1;
3000;39,1;41,8;215,2;-1;
3006;39,2;41,8;214,5;-1;
2997;39,1;41,8;215,2;-1;
3000;39,2;41,8;215,2;-1;
3001;39,1;41,8;215,2;-1;
2995;39,1;41,8;215,2;-1;
3006;39,2;41,8;214,5;-1;
3002;39,2;41,8;214,5;-1;
3000;39,2;41,8;214,5;-1;
3003;39,2;41,8;214,5;-1;
2999;39,2;41,8;214,5;-1;
3012;39,2;41,8;214,5;-1;
3002;39,4;41,8;214,5;-1;
3001;39,2;41,8;214,5;-1;
2994;39,2;41,9;214,5;-1;
2997;39,2;41,8;214,5;-1;
2999;39,2;41,8;214,5;-1;
3010;39,2;41,8;214,5;-1;
3001;39,2;41,8;214,5;-1;
3005;39,2;41,8;214,5;-1;
2990;39,2;41,8;214,5;-1;
2995;39,2;41,8;214,5;-1;
3004;39,2;41,8;214,5;-1;
3006;39,2;41,8;214,5;-1;
3003;39,2;41,8;214,5;-1;
3000;39,2;41,8;214,5;-1;
3003;39,2;41,8;214,5;-1;
2995;39,2;41,8;214,5;-1;
2991;39,2;41,8;214,5;-1;
2994;39,2;41,8;214,5;-1;
3001;39,2;41,8;214,5;-1;
2990;39,2;41,9;214,5;-1;
3006;39,2;41,9;214,5;-1;
3004;39,2;41,8;214,5;-1;
3001;39,2;41,8;214,5;-1;
2999;39,2;41,9;214,5;-1;
2994;39,1;41,8;214,5;-1;
2998;39,2;41,9;214,5;-1;
2997;39,1;41,8;214,5;-1;
3003;39,1;41,8;214,5;-1;
2997;39,1;41,8;214,5;-1;
3004;39,1;41,9;214,5;-1;
2999;39,1;41,8;214,5;-1;
3006;39,1;41,9;214,5;-1;
2998;39,1;41,8;214,5;-1;
3007;39,1;41,8;214,5;-1;
2995;39,1;41,8;214,5;-1;
3006;39,1;41,8;214,5;-1;
2997;39,1;41,8;214,5;-1;
3005;38,9;41,8;214,5;-1;
2990;39,1;41,9;214,5;-1;
3001;39,1;41,8;214,5;-1;
3004;39,1;41,8;214,5;-1;
3007;38,9;41,8;214,5;-1;
2997;38,9;41,8;214,5;-1;
3006;39,1;41,8;214,5;-1;
3001;38,9;41,8;214,5;-1;
3000;38,9;41,8;214,5;-1;
2994;38,9;41,8;214,5;-1;
2998;38,9;41,8;214,5;-1;
3003;38,9;41,8;214,5;-1;
2998;38,9;41,8;214,5;-1;
3000;38,9;41,8;214,5;-1;
2992;38,9;41,8;214,5;-1;
2998;38,9;41,8;214,5;-1;
3015;38,9;41,8;214,5;-1;
3003;38,9;41,8;214,5;-1;
3005;38,8;41,8;214,5;-1;
2997;38,9;41,9;214,5;-1;
3004;38,9;41,9;214,5;-1;
3004;38,9;41,9;214,5;-1;
3006;38,9;41,8;214,5;-1;
2997;38,9;41,8;214,5;-1;
3010;38,8;41,8;214,5;-1;
2994;38,8;41,8;214,5;-1;
3003;38,9;41,8;214,5;-1;
3010;38,8;41,8;214,5;-1;
2994;38,8;41,8;214,5;-1;
2991;38,8;41,8;214,5;-1;
2995;38,8;41,8;214,5;-1;
3003;38,8;41,8;214,5;-1;
2997;38,8;41,8;214,5;-1;
3009;38,8;41,8;214,5;-1;
3001;38,8;41,9;214,5;-1;
2997;38,8;41,8;214,5;-1;
2992;38,8;41,9;214,5;-1;
3013;38,8;41,8;214,5;-1;
2999;38,7;41,8;214,5;-1;
2995;38,7;41,8;214,5;-1;
3000;38,8;41,9;214,5;-1;
2997;38,7;41,8;214,5;-1;
3009;38,8;41,8;214,5;-1;
2998;38,8;41,9;214,5;-1;
3006;38,7;41,8;214,5;-1;
3003;38,7;41,9;214,5;-1;
2993;38,7;41,9;214,5;-1;
2996;38,8;41,8;214,5;-1;
2991;38,8;41,8;214,5;-1;
3002;38,8;41,9;214,5;-1;
0;39,1;41,7;215,2;-1;451984810
0;39,1;41,7;215,2;-1;451984940
0;39,1;41,7;215,9;-1;451985114
0;39,2;41,7;215,2;-1;451985297
0;39,2;41,7;215,2;-1;451985460
0;39,2;41,7;214,5;-1;451985621
0;39,2;41,7;214,5;-1;451985786
0;39,2;41,7;214,5;-1;451985961
0;39,2;41,7;213,8;-1;451986115
0;39,4;41,7;213,1;-1;451986263
0;39,4;41,7;213,1;-1;451986434
0;39,4;41,7;213,1;-1;451986589
0;39,4;41,7;213,1;-1;451986739
0;39,4;41,7;213,1;-1;451986920
0;39,4;41,7;212,4;-1;451987097
0;39,4;41,7;213,1;-1;451987279
841;39,4;41,7;214,5;-1;451987457
1083;39,4;41,7;214,5;-1;451987613
1415;39,4;41,7;214,5;-1;451987794
1840;39,5;41,7;213,8;-1;451987975
2272;39,5;41,7;213,8;-1;451988129
2869;39,5;41,7;213,1;-1;451988306
3337;39,5;41,7;213,8;-1;451988490
3357;39,5;41,7;213,8;-1;451988653
3322;39,6;41,7;215,2;-1;451988808
3254;39,6;41,7;215,2;-1;451988961
3204;39,5;41,7;215,2;-1;451989123
3150;39,6;41,7;215,2;-1;451989273
3074;39,8;41,7;215,2;-1;451989441
3018;39,6;41,7;215,2;-1;451989608
2972;39,8;41,7;215,2;-1;451989759
2943;39,6;41,7;215,2;-1;451989933
2924;39,8;41,7;215,2;-1;451990102
2936;39,8;41,7;215,2;-1;451990276
2948;39,8;41,7;214,5;-1;451990439
2970;39,9;41,7;214,5;-1;451990600
2983;39,9;41,8;214,5;-1;451990752
2992;39,8;41,7;214,5;-1;451990925
2996;39,9;41,7;214,5;-1;451991096
3006;39,9;41,7;214,5;-1;451991251
3019;39,9;41,7;214,5;-1;451991427
2997;39,9;41,7;214,5;-1;451991588
2999;39,9;41,8;214,5;-1;451991742
2995;39,9;41,7;214,5;-1;451991893
2996;39,9;41,7;214,5;-1;451992042
2998;39,9;41,7;214,5;-1;451992209
2991;39,9;41,7;214,5;-1;451992374
2994;39,9;41,7;214,5;-1;451992555
3003;39,9;41,7;214,5;-1;451992704
2997;39,9;41,7;214,5;-1;451992874
2998;39,9;41,7;214,5;-1;451993055
2988;39,9;41,7;214,5;-1;451993223
3008;39,9;41,7;214,5;-1;451993398
3004;39,8;41,7;214,5;-1;451993588
3009;39,8;41,7;214,5;-1;451993745
2996;39,9;41,7;214,5;-1;451993921
3001;39,8;41,7;214,5;-1;451994109
2995;39,8;41,7;214,5;-1;451994274
3004;39,9;41,8;214,5;-1;451994457
2998;39,8;41,7;214,5;-1;451994639
3000;39,8;41,7;214,5;-1;451994790
3000;39,8;41,8;214,5;-1;451994961
2998;39,8;41,7;214,5;-1;451995151
3002;39,8;41,8;214,5;-1;451995298
2997;39,8;41,8;214,5;-1;451995476
3004;39,8;41,7;214,5;-1;451995658
3006;39,6;41,7;214,5;-1;451995807
3003;39,6;41,7;214,5;-1;451995990
3003;39,6;41,7;214,5;-1;451996174
3006;39,6;41,7;214,5;-1;451996335
3000;39,8;41,7;214,5;-1;451996515
2987;39,6;41,7;214,5;-1;451996693
2989;39,6;41,7;214,5;-1;451996849
3011;39,6;41,7;214,5;-1;451997038
3007;39,6;41,7;214,5;-1;451997194
3003;39,6;41,7;214,5;-1;451997347
3003;39,6;41,8;214,5;-1;451997524
3005;39,6;41,7;214,5;-1;451997691
2996;39,6;41,7;214,5;-1;451997846
2998;39,5;41,7;214,5;-1;451998026
2992;39,6;41,7;214,5;-1;451998202
3000;39,6;41,7;214,5;-1;451998359
3000;39,5;41,8;214,5;-1;451998534
2994;39,5;41,7;214,5;-1;451998721
3001;39,5;41,7;214,5;-1;451998871
2988;39,5;41,7;214,5;-1;451999053
2985;39,5;41,7;214,5;-1;451999223
2994;39,5;41,7;214,5;-1;451999374
3004;39,5;41,7;214,5;-1;451999558
2998;39,5;41,7;214,5;-1;451999738
3006;39,5;41,7;214,5;-1;451999890
2997;39,4;41,7;214,5;-1;452000061
2997;39,4;41,7;214,5;-1;452000249
2995;39,5;41,7;214,5;-1;452000404
3007;39,4;41,7;214,5;-1;452000589
3001;39,4;41,8;214,5;-1;452000767
3000;39,4;41,7;214,5;-1;452000919
2997;39,4;41,7;214,5;-1;452001096
3007;39,4;41,8;214,5;-1;452001273
3003;39,4;41,7;214,5;-1;452001426
2994;39,4;41,8;214,5;-1;452001606
3006;39,2;41,7;214,5;-1;452001790
3009;39,2;41,7;214,5;-1;452001942
2998;39,2;41,8;214,5;-1;452002109
3000;39,2;41,7;214,5;-1;452002285
2992;39,2;41,7;214,5;-1;452002443
2995;39,4;41,8;214,5;-1;452002593
2998;39,2;41,7;214,5;-1;452002768
3001;39,2;41,8;214,5;-1;452002921
3005;39,2;41,7;214,5;-1;452003086
2996;39,2;41,8;214,5;-1;452003279
3002;39,2;41,7;214,5;-1;452003432
2993;39,1;41,7;214,5;-1;452003611
3015;39,1;41,7;214,5;-1;452003799
3004;39,1;41,8;214,5;-1;452003954
3006;39,1;41,7;214,5;-1;452004136
2993;39,2;41,7;214,5;-1;452004321
3010;39,1;41,7;214,5;-1;452004476
2998;39,1;41,7;214,5;-1;452004653
2997;39,1;41,7;214,5;-1;452004807
3000;39,1;41,7;214,5;-1;452004974
3006;39,1;41,8;214,5;-1;452005133
0;38,5;41,8;215,2;-1;452347337
0;38,7;41,9;215,2;-1;452347466
0;38,7;41,8;215,2;-1;452347641
0;38,7;41,8;215,2;-1;452347830
0;38,7;41,8;215,2;-1;452347996
0;38,7;41,8;215,2;-1;452348181
0;38,7;41,8;215,2;-1;452348355
0;38,7;41,8;214,5;-1;452348518
0;38,8;41,8;214,5;-1;452348672
0;38,8;41,8;214,5;-1;452348852
0;38,8;41,8;213,8;-1;452349033
0;38,8;41,8;213,1;-1;452349186
0;38,8;41,8;212,4;-1;452349335
0;38,8;41,8;212,4;-1;452349514
0;38,9;41,8;212,4;-1;452349663
0;38,9;41,9;212,4;-1;452349846
0;38,9;41,8;212,4;-1;452350010
0;38,9;41,8;212,4;-1;452350162
0;38,9;41,9;213,1;-1;452350341
0;38,9;41,8;214,5;-1;452350527
0;38,9;41,9;214,5;-1;452350672
0;39,1;41,8;215,2;-1;452350855
0;39,1;41,8;215,2;-1;452351026
0;39,1;41,8;215,2;-1;452351175
0;39,1;41,8;215,2;-1;452351346
0;39,1;41,8;215,2;-1;452351494
0;39,2;41,8;215,2;-1;452351645
0;39,2;41,8;215,2;-1;452351805
0;39,2;41,9;215,2;-1;452351974
0;39,4;41,9;215,2;-1;452352125
0;39,4;41,9;215,2;-1;452352288
0;39,4;41,9;215,2;-1;452352456
0;39,5;41,9;215,2;-1;452352629
0;39,5;41,8;215,2;-1;452352773
0;39,5;41,9;215,2;-1;452352936
0;39,5;41,8;215,2;-1;452353107
0;39,5;41,8;214,5;-1;452353250
0;39,5;41,9;214,5;-1;452353429
0;39,5;41,8;213,8;-1;452353621
0;39,5;41,8;213,8;-1;452353776
0;39,6;41,8;213,1;-1;452353949
0;39,6;41,8;212,4;-1;452354107
0;39,6;41,9;212,4;-1;452354259
0;39,6;41,9;212,4;-1;452354440
0;39,6;41,8;212,4;-1;452354586
0;39,8;41,8;212,4;-1;452354743
0;39,8;41,8;212,4;-1;452354914
0;39,8;41,8;213,8;-1;452355065
0;39,8;41,9;215,2;-1;452355218
0;39,8;41,9;215,2;-1;452355397
0;39,8;41,9;215,2;-1;452355573
0;39,8;41,8;215,2;-1;452355729
0;39,9;41,8;215,2;-1;452355901
0;39,9;41,8;215,2;-1;452356077
0;39,9;41,8;215,2;-1;452356233
0;39,9;41,8;215,2;-1;452356392
0;39,9;41,8;215,2;-1;452356581
0;39,9;41,9;215,2;-1;452356746
0;40;41,8;215,2;-1;452356913
0;40;41,8;215,2;-1;452357104
0;40;41,8;215,2;-1;452357261
0;40;41,8;215,2;-1;452357406
0;40;41,8;215,2;-1;452357580
0;40;41,8;215,2;-1;452357756
0;40;41,8;215,2;-1;452357934
0;40,2;41,8;214,5;-1;452358120
0;40,2;41,8;214,5;-1;452358285
0;40;41,8;213,8;-1;452358454
0;40,2;41,8;213,1;-1;452358633
0;40,2;41,8;212,4;-1;452358801
0;40,2;41,9;212,4;-1;452358990
0;40,2;41,8;212,4;-1;452359174
0;40,2;41,8;212,4;-1;452359324
0;40,2;41,8;212,4;-1;452359503
0;40,2;41,8;212,4;-1;452359689
750;40,2;41,8;213,1;-1;452359845
983;40,3;41,8;214,5;-1;452360000
